-- phpMyAdmin SQL Dump
-- version 5.2.0
-- https://www.phpmyadmin.net/
--
-- Host: 127.0.0.1
-- Generation Time: Sep 30, 2023 at 09:44 AM
-- Server version: 10.4.27-MariaDB
-- PHP Version: 8.0.25

SET SQL_MODE = "NO_AUTO_VALUE_ON_ZERO";
START TRANSACTION;
SET time_zone = "+00:00";


/*!40101 SET @OLD_CHARACTER_SET_CLIENT=@@CHARACTER_SET_CLIENT */;
/*!40101 SET @OLD_CHARACTER_SET_RESULTS=@@CHARACTER_SET_RESULTS */;
/*!40101 SET @OLD_COLLATION_CONNECTION=@@COLLATION_CONNECTION */;
/*!40101 SET NAMES utf8mb4 */;

--
-- Database: `sdo`
--

-- --------------------------------------------------------

--
-- Table structure for table `tbladmin`
--

CREATE TABLE `tbladmin` (
  `admin_id` int(10) NOT NULL,
  `admin_fullname` varchar(30) NOT NULL,
  `admin_email` varchar(30) NOT NULL,
  `admin_password` varchar(30) NOT NULL
) ENGINE=InnoDB DEFAULT CHARSET=utf8mb4 COLLATE=utf8mb4_general_ci;

--
-- Dumping data for table `tbladmin`
--

INSERT INTO `tbladmin` (`admin_id`, `admin_fullname`, `admin_email`, `admin_password`) VALUES
(1, 'Annacile Torneado', 'annacile@gmail.com', 'annacile'),
(2, 'Jenvincent Buslon', 'jenvincent@gmail.com', 'jenvincent'),
(3, 'Aime Bargaso', 'aime@gmail.com', 'aimeb');

-- --------------------------------------------------------

--
-- Table structure for table `tblbarangay`
--

CREATE TABLE `tblbarangay` (
  `bar_id` int(10) NOT NULL,
  `barangay` varchar(50) NOT NULL,
  `municipality` varchar(50) NOT NULL,
  `mun_id` int(10) NOT NULL
) ENGINE=InnoDB DEFAULT CHARSET=utf8mb4 COLLATE=utf8mb4_general_ci;

--
-- Dumping data for table `tblbarangay`
--

INSERT INTO `tblbarangay` (`bar_id`, `barangay`, `municipality`, `mun_id`) VALUES
(1, 'Bahi', 'Alburquerque', 1),
(2, 'Basacdacu', 'Alburquerque', 1),
(3, 'Cantiguib', 'Alburquerque', 1),
(4, 'Dangay', 'Alburquerque', 1),
(5, 'East Poblacion', 'Alburquerque', 1),
(6, 'Ponong', 'Alburquerque', 1),
(7, 'San Agustin', 'Alburquerque', 1),
(8, 'Santa Filomena', 'Alburquerque', 1),
(9, 'Tagbuane', 'Alburquerque', 1),
(10, 'Toril', 'Alburquerque', 1),
(11, 'West Poblacion', 'Alburquerque', 1),
(12, 'Cabatang', 'Alicia', 2),
(13, 'Cagongcagong', 'Alicia', 2),
(14, 'Cambaol', 'Alicia', 2),
(15, 'Cayacay', 'Alicia', 2),
(16, 'Del Monte', 'Alicia', 2),
(17, 'Katipunan', 'Alicia', 2),
(18, 'La Hacienda', 'Alicia', 2),
(19, 'Mahayag', 'Alicia', 2),
(20, 'Napo', 'Alicia', 2),
(21, 'Pagahat', 'Alicia', 2),
(22, 'Poblacion (Calingganay)', 'Alicia', 2),
(23, 'Progreso', 'Alicia', 2),
(24, 'Putlongcam', 'Alicia', 2),
(25, 'Sudlon (Omhor)', 'Alicia', 2),
(26, 'Untaga', 'Alicia', 2),
(27, 'Almaria', 'Anda', 3),
(28, 'Bacong', 'Anda', 3),
(29, 'Badiang', 'Anda', 3),
(30, 'Buenasuerte', 'Anda', 3),
(31, 'Candabong', 'Anda', 3),
(32, 'Casica', 'Anda', 3),
(33, 'Katipunan', 'Anda', 3),
(34, 'Linawan', 'Anda', 3),
(35, 'Lundag', 'Anda', 3),
(36, 'Poblacion', 'Anda', 3),
(37, 'Santa Cruz', 'Anda', 3),
(38, 'Suba', 'Anda', 3),
(39, 'Talisay', 'Anda', 3),
(40, 'Tanod', 'Anda', 3),
(41, 'Tawid', 'Anda', 3),
(42, 'Virgen', 'Anda', 3),
(43, 'Angilan', 'Antequera', 4),
(44, 'Bantolinao', 'Antequera', 4),
(45, 'Bicahan', 'Antequera', 4),
(46, 'Bitaugan', 'Antequera', 4),
(47, 'Bungahan', 'Antequera', 4),
(48, 'Canlaas', 'Antequera', 4),
(49, 'Can-omay', 'Antequera', 4),
(50, 'Cansibuan', 'Antequera', 4),
(51, 'Celing', 'Antequera', 4),
(52, 'Danao', 'Antequera', 4),
(53, 'Danicop', 'Antequera', 4),
(54, 'Mag-aso', 'Antequera', 4),
(55, 'Poblacion', 'Antequera', 4),
(56, 'Quinapon-an', 'Antequera', 4),
(57, 'Santo Rosario', 'Antequera', 4),
(58, 'Tabuan', 'Antequera', 4),
(59, 'Tagubaas', 'Antequera', 4),
(60, 'Tupas', 'Antequera', 4),
(61, 'Ubojan', 'Antequera', 4),
(62, 'Viga', 'Antequera', 4),
(63, 'Villa Aurora (Canoc-oc)', 'Antequera', 4),
(64, 'Buenaventura', 'Baclayon', 5),
(65, 'Cambanac', 'Baclayon', 5),
(66, 'Dasitam', 'Baclayon', 5),
(67, 'Guiwanon', 'Baclayon', 5),
(68, 'Landican', 'Baclayon', 5),
(69, 'Laya', 'Baclayon', 5),
(70, 'Libertad', 'Baclayon', 5),
(71, 'Montana', 'Baclayon', 5),
(72, 'Pamilacan', 'Baclayon', 5),
(73, 'Payahan', 'Baclayon', 5),
(74, 'Poblacion', 'Baclayon', 5),
(75, 'San Isidro', 'Baclayon', 5),
(76, 'San Roque', 'Baclayon', 5),
(77, 'San Vicente', 'Baclayon', 5),
(78, 'Santa Cruz', 'Baclayon', 5),
(79, 'Taguihon', 'Baclayon', 5),
(80, 'Tanday', 'Baclayon', 5),
(81, 'Baucan Norte', 'Balilihan', 6),
(82, 'Baucan Sur', 'Balilihan', 6),
(83, 'Boctol', 'Balilihan', 6),
(84, 'Boyog Norte', 'Balilihan', 6),
(85, 'Boyog Proper', 'Balilihan', 6),
(86, 'Boyog Sur', 'Balilihan', 6),
(87, 'Cabad', 'Balilihan', 6),
(88, 'Candasig', 'Balilihan', 6),
(89, 'Cantalid', 'Balilihan', 6),
(90, 'Cantomimbo', 'Balilihan', 6),
(91, 'Cogon', 'Balilihan', 6),
(92, 'Datag Norte', 'Balilihan', 6),
(93, 'Datag Sur', 'Balilihan', 6),
(94, 'Del Carmen Este (Pob.)', 'Balilihan', 6),
(95, 'Del Carmen Norte (Pob.)', 'Balilihan', 6),
(96, 'Del Carmen Sur (Pob.)', 'Balilihan', 6),
(97, 'Del Carmen Weste (Pob.)', 'Balilihan', 6),
(98, 'Del Rosario', 'Balilihan', 6),
(99, 'Dorol', 'Balilihan', 6),
(100, 'Haguilanan Grande', 'Balilihan', 6),
(101, 'Hanopol Este', 'Balilihan', 6),
(102, 'Hanopol Norte', 'Balilihan', 6),
(103, 'Hanopol Weste', 'Balilihan', 6),
(104, 'Magsija', 'Balilihan', 6),
(105, 'Maslog', 'Balilihan', 6),
(106, 'Sagasa', 'Balilihan', 6),
(107, 'Sal-ing', 'Balilihan', 6),
(108, 'San Isidro', 'Balilihan', 6),
(109, 'San Roque', 'Balilihan', 6),
(110, 'Santo Niño', 'Balilihan', 6),
(111, 'Tagustusan', 'Balilihan', 6),
(112, 'Aloja', 'Batuan', 7),
(113, 'Behind The Clouds (San Jose)', 'Batuan', 7),
(114, 'Cabacnitan', 'Batuan', 7),
(115, 'Cambacay', 'Batuan', 7),
(116, 'Cantigdas', 'Batuan', 7),
(117, 'Garcia', 'Batuan', 7),
(118, 'Janlud', 'Batuan', 7),
(119, 'Poblacion Norte', 'Batuan', 7),
(120, 'Poblacion Sur', 'Batuan', 7),
(121, 'Poblacion Vieja (Longsudaan)', 'Batuan', 7),
(122, 'Quezon', 'Batuan', 7),
(123, 'Quirino', 'Batuan', 7),
(124, 'Rizal', 'Batuan', 7),
(125, 'Rosariohan', 'Batuan', 7),
(126, 'Santa Cruz', 'Batuan', 7),
(127, 'Bilangbilangan Dako', 'Bien Unido', 8),
(128, 'Bilangbilangan Diot', 'Bien Unido', 8),
(129, 'Hingotanan East', 'Bien Unido', 8),
(130, 'Hingotanan West', 'Bien Unido', 8),
(131, 'Liberty', 'Bien Unido', 8),
(132, 'Malingin', 'Bien Unido', 8),
(133, 'Mandawa', 'Bien Unido', 8),
(134, 'Maomawan', 'Bien Unido', 8),
(135, 'Nueva Esperanza', 'Bien Unido', 8),
(136, 'Nueva Estrella', 'Bien Unido', 8),
(137, 'Pinamgo', 'Bien Unido', 8),
(138, 'Poblacion (Bien Unido)', 'Bien Unido', 8),
(139, 'Puerto San Pedro', 'Bien Unido', 8),
(140, 'Sagasa', 'Bien Unido', 8),
(141, 'Tuboran', 'Bien Unido', 8),
(142, 'Bonifacio', 'Bilar', 9),
(143, 'Bugang Norte', 'Bilar', 9),
(144, 'Bugang Sur', 'Bilar', 9),
(145, 'Cabacnitan (Magsaysay)', 'Bilar', 9),
(146, 'Cambigsi', 'Bilar', 9),
(147, 'Campagao', 'Bilar', 9),
(148, 'Cansumbol', 'Bilar', 9),
(149, 'Dagohoy', 'Bilar', 9),
(150, 'Owac', 'Bilar', 9),
(151, 'Poblacion', 'Bilar', 9),
(152, 'Quezon', 'Bilar', 9),
(153, 'Riverside', 'Bilar', 9),
(154, 'Rizal', 'Bilar', 9),
(155, 'Roxas', 'Bilar', 9),
(156, 'Subayon', 'Bilar', 9),
(157, 'Villa Aurora', 'Bilar', 9),
(158, 'Villa Suerte', 'Bilar', 9),
(159, 'Yanaya', 'Bilar', 9),
(160, 'Zamora', 'Bilar', 9),
(161, 'Anonang', 'Buenavista', 10),
(162, 'Asinan', 'Buenavista', 10),
(163, 'Bago', 'Buenavista', 10),
(164, 'Baluarte', 'Buenavista', 10),
(165, 'Bantuan', 'Buenavista', 10),
(166, 'Bato', 'Buenavista', 10),
(167, 'Bonotbonot', 'Buenavista', 10),
(168, 'Bugaong', 'Buenavista', 10),
(169, 'Cambuhat', 'Buenavista', 10),
(170, 'Cambus-oc', 'Buenavista', 10),
(171, 'Cangawa', 'Buenavista', 10),
(172, 'Cantomugcad', 'Buenavista', 10),
(173, 'Cantores', 'Buenavista', 10),
(174, 'Cantuba', 'Buenavista', 10),
(175, 'Catigbian', 'Buenavista', 10),
(176, 'Cawag', 'Buenavista', 10),
(177, 'Cruz', 'Buenavista', 10),
(178, 'Dait', 'Buenavista', 10),
(179, 'Eastern Cabul-an', 'Buenavista', 10),
(180, 'Hunan', 'Buenavista', 10),
(181, 'Lapacan Norte', 'Buenavista', 10),
(182, 'Lapacan Sur', 'Buenavista', 10),
(183, 'Lubang', 'Buenavista', 10),
(184, 'Lusong (Plateau)', 'Buenavista', 10),
(185, 'Magkaya', 'Buenavista', 10),
(186, 'Merryland', 'Buenavista', 10),
(187, 'Nueva Granada', 'Buenavista', 10),
(188, 'Nueva Montana', 'Buenavista', 10),
(189, 'Overland', 'Buenavista', 10),
(190, 'Panghagban', 'Buenavista', 10),
(191, 'Poblacion', 'Buenavista', 10),
(192, 'Puting Bato', 'Buenavista', 10),
(193, 'Rufo Hill', 'Buenavista', 10),
(194, 'Sweetland', 'Buenavista', 10),
(195, 'Western Cabul-an', 'Buenavista', 10),
(196, 'Abucayan Norte', 'Calape', 11),
(197, 'Abucayan Sur', 'Calape', 11),
(198, 'Banlasan', 'Calape', 11),
(199, 'Bentig', 'Calape', 11),
(200, 'Binogawan', 'Calape', 11),
(201, 'Bonbon', 'Calape', 11),
(202, 'Cabayugan', 'Calape', 11),
(203, 'Cabudburan', 'Calape', 11),
(204, 'Calunasan', 'Calape', 11),
(205, 'Camias', 'Calape', 11),
(206, 'Canguha', 'Calape', 11),
(207, 'Catmonan', 'Calape', 11),
(208, 'Desamparados (Poblacion)', 'Calape', 11),
(209, 'Kahayag', 'Calape', 11),
(210, 'Kinabag-an', 'Calape', 11),
(211, 'Labuon', 'Calape', 11),
(212, 'Lawis', 'Calape', 11),
(213, 'Liboron', 'Calape', 11),
(214, 'Lomboy', 'Calape', 11),
(215, 'Lo-oc', 'Calape', 11),
(216, 'Lucob', 'Calape', 11),
(217, 'Madangog', 'Calape', 11),
(218, 'Magtongtong', 'Calape', 11),
(219, 'Mandaug', 'Calape', 11),
(220, 'Mantatao', 'Calape', 11),
(221, 'Sampoangon', 'Calape', 11),
(222, 'San Isidro', 'Calape', 11),
(223, 'Santa Cruz (Poblacion)', 'Calape', 11),
(224, 'Sojoton', 'Calape', 11),
(225, 'Talisay', 'Calape', 11),
(226, 'Tinibgan', 'Calape', 11),
(227, 'Tultugan', 'Calape', 11),
(228, 'Ulbujan', 'Calape', 11),
(229, 'Abihilan', 'Candijay', 12),
(230, 'Anoling', 'Candijay', 12),
(231, 'Boyo-an', 'Candijay', 12),
(232, 'Cadapdapan', 'Candijay', 12),
(233, 'Cambane', 'Candijay', 12),
(234, 'Canawa', 'Candijay', 12),
(235, 'Can-olin', 'Candijay', 12),
(236, 'Cogtong', 'Candijay', 12),
(237, 'La Union', 'Candijay', 12),
(238, 'Luan', 'Candijay', 12),
(239, 'Lungsoda-an', 'Candijay', 12),
(240, 'Mahangin', 'Candijay', 12),
(241, 'Pagahat', 'Candijay', 12),
(242, 'Panadtaran', 'Candijay', 12),
(243, 'Panas', 'Candijay', 12),
(244, 'Poblacion', 'Candijay', 12),
(245, 'San Isidro', 'Candijay', 12),
(246, 'Tambongan', 'Candijay', 12),
(247, 'Tawid', 'Candijay', 12),
(248, 'Tubod (Tres Rosas)', 'Candijay', 12),
(249, 'Tugas', 'Candijay', 12),
(250, 'Alegria', 'Carmen', 13),
(251, 'Bicao', 'Carmen', 13),
(252, 'Buenavista', 'Carmen', 13),
(253, 'Buenos Aires', 'Carmen', 13),
(254, 'Calatrava', 'Carmen', 13),
(255, 'El Progreso', 'Carmen', 13),
(256, 'El Salvador', 'Carmen', 13),
(257, 'Guadalupe', 'Carmen', 13),
(258, 'Katipunan', 'Carmen', 13),
(259, 'La Libertad', 'Carmen', 13),
(260, 'La Paz', 'Carmen', 13),
(261, 'La Salvacion', 'Carmen', 13),
(262, 'La Victoria', 'Carmen', 13),
(263, 'Matin-ao', 'Carmen', 13),
(264, 'Montehermoso', 'Carmen', 13),
(265, 'Montesuerte', 'Carmen', 13),
(266, 'Montesunting', 'Carmen', 13),
(267, 'Montevideo', 'Carmen', 13),
(268, 'Nueva Fuerza', 'Carmen', 13),
(269, 'Nueva Vida Este', 'Carmen', 13),
(270, 'Nueva Vida Norte', 'Carmen', 13),
(271, 'Nueva Vida Sur', 'Carmen', 13),
(272, 'Poblacion Norte', 'Carmen', 13),
(273, 'Poblacion Sur', 'Carmen', 13),
(274, 'Tambo-an', 'Carmen', 13),
(275, 'Vallehermoso', 'Carmen', 13),
(276, 'Villaflor', 'Carmen', 13),
(277, 'Villafuerte', 'Carmen', 13),
(278, 'Villarcayo', 'Carmen', 13),
(279, 'Alegria', 'Catigbian', 14),
(280, 'Ambuan', 'Catigbian', 14),
(281, 'Baang', 'Catigbian', 14),
(282, 'Bagtic', 'Catigbian', 14),
(283, 'Bongbong', 'Catigbian', 14),
(284, 'Cambailan', 'Catigbian', 14),
(285, 'Candumayao', 'Catigbian', 14),
(286, 'Causwagan Norte', 'Catigbian', 14),
(287, 'Hagbuaya', 'Catigbian', 14),
(288, 'Haguilanan', 'Catigbian', 14),
(289, 'Kang-iras', 'Catigbian', 14),
(290, 'Libertad Sur', 'Catigbian', 14),
(291, 'Liboron', 'Catigbian', 14),
(292, 'Mahayag Norte', 'Catigbian', 14),
(293, 'Mahayag Sur', 'Catigbian', 14),
(294, 'Maitum', 'Catigbian', 14),
(295, 'Mantasida', 'Catigbian', 14),
(296, 'Poblacion', 'Catigbian', 14),
(297, 'Poblacion Weste', 'Catigbian', 14),
(298, 'Rizal', 'Catigbian', 14),
(299, 'Sinakayanan', 'Catigbian', 14),
(300, 'Triple Union', 'Catigbian', 14),
(301, 'Bacani', 'Clarin', 15),
(302, 'Bogtongbod', 'Clarin', 15),
(303, 'Bonbon', 'Clarin', 15),
(304, 'Bontud', 'Clarin', 15),
(305, 'Buacao', 'Clarin', 15),
(306, 'Buangan', 'Clarin', 15),
(307, 'Cabog', 'Clarin', 15),
(308, 'Caboy', 'Clarin', 15),
(309, 'Caluwasan', 'Clarin', 15),
(310, 'Candajec', 'Clarin', 15),
(311, 'Cantoyoc', 'Clarin', 15),
(312, 'Comaang', 'Clarin', 15),
(313, 'Danahao', 'Clarin', 15),
(314, 'Katipunan', 'Clarin', 15),
(315, 'Lajog', 'Clarin', 15),
(316, 'Mataub', 'Clarin', 15),
(317, 'Nahawan', 'Clarin', 15),
(318, 'Poblacion Centro', 'Clarin', 15),
(319, 'Poblacion Norte', 'Clarin', 15),
(320, 'Poblacion Sur', 'Clarin', 15),
(321, 'Tangaran', 'Clarin', 15),
(322, 'Tontunan', 'Clarin', 15),
(323, 'Tubod', 'Clarin', 15),
(324, 'Villaflor', 'Clarin', 15),
(325, 'Anislag', 'Corella', 16),
(326, 'Canangca-an', 'Corella', 16),
(327, 'Canapnapan', 'Corella', 16),
(328, 'Cancatac', 'Corella', 16),
(329, 'Pandol', 'Corella', 16),
(330, 'Poblacion', 'Corella', 16),
(331, 'Sambog', 'Corella', 16),
(332, 'Tanday', 'Corella', 16),
(333, 'De la Paz', 'Cortes', 17),
(334, 'Fatima', 'Cortes', 17),
(335, 'Loreto', 'Cortes', 17),
(336, 'Lourdes', 'Cortes', 17),
(337, 'Malayo Norte', 'Cortes', 17),
(338, 'Malayo Sur', 'Cortes', 17),
(339, 'Monserrat', 'Cortes', 17),
(340, 'New Lourdes', 'Cortes', 17),
(341, 'Patrocinio', 'Cortes', 17),
(342, 'Poblacion', 'Cortes', 17),
(343, 'Rosario', 'Cortes', 17),
(344, 'Salvador', 'Cortes', 17),
(345, 'San Roque', 'Cortes', 17),
(346, 'Upper de la Paz', 'Cortes', 17),
(347, 'Babag', 'Dagohoy', 18),
(348, 'Cagawasan', 'Dagohoy', 18),
(349, 'Cagawitan', 'Dagohoy', 18),
(350, 'Caluasan', 'Dagohoy', 18),
(351, 'Candelaria', 'Dagohoy', 18),
(352, 'Can-oling', 'Dagohoy', 18),
(353, 'Estaca', 'Dagohoy', 18),
(354, 'La Esperanza', 'Dagohoy', 18),
(355, 'Mahayag', 'Dagohoy', 18),
(356, 'Malitbog', 'Dagohoy', 18),
(357, 'Poblacion', 'Dagohoy', 18),
(358, 'San Miguel', 'Dagohoy', 18),
(359, 'San Vicente', 'Dagohoy', 18),
(360, 'Santa Cruz', 'Dagohoy', 18),
(361, 'Villa Aurora', 'Dagohoy', 18),
(362, 'Cabatuan', 'Danao', 19),
(363, 'Cantubod', 'Danao', 19),
(364, 'Carbon', 'Danao', 19),
(365, 'Concepcion', 'Danao', 19),
(366, 'Dagohoy', 'Danao', 19),
(367, 'Hibale', 'Danao', 19),
(368, 'Magtangtang', 'Danao', 19),
(369, 'Nahud', 'Danao', 19),
(370, 'Poblacion', 'Danao', 19),
(371, 'Remedios', 'Danao', 19),
(372, 'San Carlos', 'Danao', 19),
(373, 'San Miguel', 'Danao', 19),
(374, 'Santa Fe', 'Danao', 19),
(375, 'Santo Niño', 'Danao', 19),
(376, 'Tabok', 'Danao', 19),
(377, 'Taming', 'Danao', 19),
(378, 'Villa Anunciado', 'Danao', 19),
(379, 'Biking', 'Dauis', 20),
(380, 'Bingag', 'Dauis', 20),
(381, 'Catarman', 'Dauis', 20),
(382, 'Dao', 'Dauis', 20),
(383, 'Mariveles', 'Dauis', 20),
(384, 'Mayacabac', 'Dauis', 20),
(385, 'Poblacion', 'Dauis', 20),
(386, 'San Isidro (Canlongon)', 'Dauis', 20),
(387, 'Songculan', 'Dauis', 20),
(388, 'Tabalong', 'Dauis', 20),
(389, 'Tinago', 'Dauis', 20),
(390, 'Totolan', 'Dauis', 20),
(391, 'Abihid', 'Dimiao', 21),
(392, 'Alemania', 'Dimiao', 21),
(393, 'Baguhan', 'Dimiao', 21),
(394, 'Bakilid', 'Dimiao', 21),
(395, 'Balbalan', 'Dimiao', 21),
(396, 'Banban', 'Dimiao', 21),
(397, 'Bauhugan', 'Dimiao', 21),
(398, 'Bilisan', 'Dimiao', 21),
(399, 'Cabagakian', 'Dimiao', 21),
(400, 'Cabanbanan', 'Dimiao', 21),
(401, 'Cadap-agan', 'Dimiao', 21),
(402, 'Cambacol', 'Dimiao', 21),
(403, 'Cambayaon', 'Dimiao', 21),
(404, 'Canhayupon', 'Dimiao', 21),
(405, 'Canlambong', 'Dimiao', 21),
(406, 'Casingan', 'Dimiao', 21),
(407, 'Catugasan', 'Dimiao', 21),
(408, 'Datag', 'Dimiao', 21),
(409, 'Guindaguitan', 'Dimiao', 21),
(410, 'Guingoyuran', 'Dimiao', 21),
(411, 'Ile', 'Dimiao', 21),
(412, 'Lapsaon', 'Dimiao', 21),
(413, 'Limokon Ilaod', 'Dimiao', 21),
(414, 'Limokon Ilaya', 'Dimiao', 21),
(415, 'Luyo', 'Dimiao', 21),
(416, 'Malijao', 'Dimiao', 21),
(417, 'Oac', 'Dimiao', 21),
(418, 'Pagsa', 'Dimiao', 21),
(419, 'Pangihawan', 'Dimiao', 21),
(420, 'Puangyuta', 'Dimiao', 21),
(421, 'Sawang', 'Dimiao', 21),
(422, 'Tangohay', 'Dimiao', 21),
(423, 'Taongon Cabatuan', 'Dimiao', 21),
(424, 'Taongon Can-andam', 'Dimiao', 21),
(425, 'Tawid Bitaog', 'Dimiao', 21),
(426, 'Alejawan', 'Duero', 22),
(427, 'Angilan', 'Duero', 22),
(428, 'Anibongan', 'Duero', 22),
(429, 'Bangwalog', 'Duero', 22),
(430, 'Cansuhay', 'Duero', 22),
(431, 'Danao', 'Duero', 22),
(432, 'Duay', 'Duero', 22),
(433, 'Guinsularan', 'Duero', 22),
(434, 'Imelda', 'Duero', 22),
(435, 'Itum', 'Duero', 22),
(436, 'Langkis', 'Duero', 22),
(437, 'Lobogon', 'Duero', 22),
(438, 'Madua Norte', 'Duero', 22),
(439, 'Madua Sur', 'Duero', 22),
(440, 'Mambool', 'Duero', 22),
(441, 'Mawi', 'Duero', 22),
(442, 'Payao', 'Duero', 22),
(443, 'San Antonio (Poblacion)', 'Duero', 22),
(444, 'San Isidro', 'Duero', 22),
(445, 'San Pedro', 'Duero', 22),
(446, 'Taytay', 'Duero', 22),
(447, 'Abijilan', 'Garcia-Hernandez', 23),
(448, 'Antipolo', 'Garcia-Hernandez', 23),
(449, 'Basiao', 'Garcia-Hernandez', 23),
(450, 'Cagwang', 'Garcia-Hernandez', 23),
(451, 'Calma', 'Garcia-Hernandez', 23),
(452, 'Cambuyo', 'Garcia-Hernandez', 23),
(453, 'Canayaon East', 'Garcia-Hernandez', 23),
(454, 'Canayaon West', 'Garcia-Hernandez', 23),
(455, 'Candanas', 'Garcia-Hernandez', 23),
(456, 'Candulao', 'Garcia-Hernandez', 23),
(457, 'Catmon', 'Garcia-Hernandez', 23),
(458, 'Cayam', 'Garcia-Hernandez', 23),
(459, 'Cupa', 'Garcia-Hernandez', 23),
(460, 'Datag', 'Garcia-Hernandez', 23),
(461, 'Estaca', 'Garcia-Hernandez', 23),
(462, 'Libertad', 'Garcia-Hernandez', 23),
(463, 'Lungsodaan East', 'Garcia-Hernandez', 23),
(464, 'Lungsodaan West', 'Garcia-Hernandez', 23),
(465, 'Malinao', 'Garcia-Hernandez', 23),
(466, 'Manaba', 'Garcia-Hernandez', 23),
(467, 'Pasong', 'Garcia-Hernandez', 23),
(468, 'Poblacion East', 'Garcia-Hernandez', 23),
(469, 'Poblacion West', 'Garcia-Hernandez', 23),
(470, 'Sacaon', 'Garcia-Hernandez', 23),
(471, 'Sampong', 'Garcia-Hernandez', 23),
(472, 'Tabuan', 'Garcia-Hernandez', 23),
(473, 'Togbongon', 'Garcia-Hernandez', 23),
(474, 'Ulbujan East', 'Garcia-Hernandez', 23),
(475, 'Ulbujan West', 'Garcia-Hernandez', 23),
(476, 'Victoria', 'Garcia-Hernandez', 23),
(477, 'Basdio', 'Guindulman', 24),
(478, 'Bato', 'Guindulman', 24),
(479, 'Bayong', 'Guindulman', 24),
(480, 'Biabas', 'Guindulman', 24),
(481, 'Bulawan', 'Guindulman', 24),
(482, 'Cabantian', 'Guindulman', 24),
(483, 'Canhaway', 'Guindulman', 24),
(484, 'Cansiwang', 'Guindulman', 24),
(485, 'Casbu', 'Guindulman', 24),
(486, 'Catungawan Norte', 'Guindulman', 24),
(487, 'Catungawan Sur', 'Guindulman', 24),
(488, 'Guinacot', 'Guindulman', 24),
(489, 'Guio-ang', 'Guindulman', 24),
(490, 'Lombog', 'Guindulman', 24),
(491, 'Mayuga', 'Guindulman', 24),
(492, 'Sawang (Poblacion)', 'Guindulman', 24),
(493, 'Tabajan (Poblacion)', 'Guindulman', 24),
(494, 'Tabunok', 'Guindulman', 24),
(495, 'Trinidad', 'Guindulman', 24),
(496, 'Anonang', 'Inabanga', 25),
(497, 'Badiang', 'Inabanga', 25),
(498, 'Baguhan', 'Inabanga', 25),
(499, 'Bahan', 'Inabanga', 25),
(500, 'Banahao', 'Inabanga', 25),
(501, 'Baogo', 'Inabanga', 25),
(502, 'Bugang', 'Inabanga', 25),
(503, 'Cagawasan', 'Inabanga', 25),
(504, 'Cagayan', 'Inabanga', 25),
(505, 'Cambitoon', 'Inabanga', 25),
(506, 'Canlinte', 'Inabanga', 25),
(507, 'Cawayan', 'Inabanga', 25),
(508, 'Cogon', 'Inabanga', 25),
(509, 'Cuaming', 'Inabanga', 25),
(510, 'Dagnawan', 'Inabanga', 25),
(511, 'Dagohoy', 'Inabanga', 25),
(512, 'Dait Sur', 'Inabanga', 25),
(513, 'Datag', 'Inabanga', 25),
(514, 'Fatima', 'Inabanga', 25),
(515, 'Hambongan', 'Inabanga', 25),
(516, 'Ilaud (Poblacion)', 'Inabanga', 25),
(517, 'Ilaya', 'Inabanga', 25),
(518, 'Ilihan', 'Inabanga', 25),
(519, 'Lapacan Norte', 'Inabanga', 25),
(520, 'Lapacan Sur', 'Inabanga', 25),
(521, 'Lawis', 'Inabanga', 25),
(522, 'Liloan Norte', 'Inabanga', 25),
(523, 'Liloan Sur', 'Inabanga', 25),
(524, 'Lomboy', 'Inabanga', 25),
(525, 'Lonoy Cainsican', 'Inabanga', 25),
(526, 'Lonoy Roma', 'Inabanga', 25),
(527, 'Lutao', 'Inabanga', 25),
(528, 'Luyo', 'Inabanga', 25),
(529, 'Mabuhay', 'Inabanga', 25),
(530, 'Maria Rosario', 'Inabanga', 25),
(531, 'Nabuad', 'Inabanga', 25),
(532, 'Napo', 'Inabanga', 25),
(533, 'Ondol', 'Inabanga', 25),
(534, 'Poblacion', 'Inabanga', 25),
(535, 'Riverside', 'Inabanga', 25),
(536, 'Saa', 'Inabanga', 25),
(537, 'San Isidro', 'Inabanga', 25),
(538, 'San Jose', 'Inabanga', 25),
(539, 'Santo Niño', 'Inabanga', 25),
(540, 'Santo Rosario', 'Inabanga', 25),
(541, 'Sua', 'Inabanga', 25),
(542, 'Tambook', 'Inabanga', 25),
(543, 'Tungod', 'Inabanga', 25),
(544, 'Ubujan', 'Inabanga', 25),
(545, 'U-og', 'Inabanga', 25),
(546, 'Alejawan', 'Jagna', 26),
(547, 'Balili', 'Jagna', 26),
(548, 'Boctol', 'Jagna', 26),
(549, 'Bunga Ilaya', 'Jagna', 26),
(550, 'Bunga Mar', 'Jagna', 26),
(551, 'Buyog', 'Jagna', 26),
(552, 'Cabunga-an', 'Jagna', 26),
(553, 'Calabacita', 'Jagna', 26),
(554, 'Cambugason', 'Jagna', 26),
(555, 'Can-ipol', 'Jagna', 26),
(556, 'Canjulao', 'Jagna', 26),
(557, 'Cantagay', 'Jagna', 26),
(558, 'Cantuyoc', 'Jagna', 26),
(559, 'Can-uba', 'Jagna', 26),
(560, 'Can-upao', 'Jagna', 26),
(561, 'Faraon', 'Jagna', 26),
(562, 'Ipil', 'Jagna', 26),
(563, 'Kinagbaan', 'Jagna', 26),
(564, 'Laca', 'Jagna', 26),
(565, 'Larapan', 'Jagna', 26),
(566, 'Lonoy', 'Jagna', 26),
(567, 'Looc', 'Jagna', 26),
(568, 'Malbog', 'Jagna', 26),
(569, 'Mayana', 'Jagna', 26),
(570, 'Naatang', 'Jagna', 26),
(571, 'Nausok', 'Jagna', 26),
(572, 'Odiong', 'Jagna', 26),
(573, 'Pagina', 'Jagna', 26),
(574, 'Pangdan', 'Jagna', 26),
(575, 'Poblacion (Pondol)', 'Jagna', 26),
(576, 'Tejero', 'Jagna', 26),
(577, 'Tubod Mar', 'Jagna', 26),
(578, 'Tubod Monte', 'Jagna', 26),
(579, 'Alumar', 'Jetafe', 27),
(580, 'Banacon', 'Jetafe', 27),
(581, 'Buyog', 'Jetafe', 27),
(582, 'Cabasakan', 'Jetafe', 27),
(583, 'Campao Occidental', 'Jetafe', 27),
(584, 'Campao Oriental', 'Jetafe', 27),
(585, 'Cangmundo', 'Jetafe', 27),
(586, 'Carlos P. Garcia', 'Jetafe', 27),
(587, 'Corte Baud', 'Jetafe', 27),
(588, 'Handumon', 'Jetafe', 27),
(589, 'Jagoliao', 'Jetafe', 27),
(590, 'Jandayan Norte', 'Jetafe', 27),
(591, 'Jandayan Sur', 'Jetafe', 27),
(592, 'Mahanay (Mahanay Island)', 'Jetafe', 27),
(593, 'Nasingin', 'Jetafe', 27),
(594, 'Pandanon', 'Jetafe', 27),
(595, 'Poblacion', 'Jetafe', 27),
(596, 'Saguise', 'Jetafe', 27),
(597, 'Salog', 'Jetafe', 27),
(598, 'San Jose', 'Jetafe', 27),
(599, 'Santo Niño', 'Jetafe', 27),
(600, 'Taytay', 'Jetafe', 27),
(601, 'Tugas', 'Jetafe', 27),
(602, 'Tulang', 'Jetafe', 27),
(603, 'Banban', 'Lila', 28),
(604, 'Bonkokan Ilaya', 'Lila', 28),
(605, 'Bonkokan Ubos', 'Lila', 28),
(606, 'Calvario', 'Lila', 28),
(607, 'Candulang', 'Lila', 28),
(608, 'Catugasan', 'Lila', 28),
(609, 'Cayupo', 'Lila', 28),
(610, 'Cogon', 'Lila', 28),
(611, 'Jambawan', 'Lila', 28),
(612, 'La Fortuna', 'Lila', 28),
(613, 'Lomanoy', 'Lila', 28),
(614, 'Macalingan', 'Lila', 28),
(615, 'Malinao East', 'Lila', 28),
(616, 'Malinao West', 'Lila', 28),
(617, 'Nagsulay', 'Lila', 28),
(618, 'Poblacion', 'Lila', 28),
(619, 'Taug', 'Lila', 28),
(620, 'Tiguis', 'Lila', 28),
(621, 'Agape', 'Loay', 29),
(622, 'Alegria Norte', 'Loay', 29),
(623, 'Alegria Sur', 'Loay', 29),
(624, 'Bonbon', 'Loay', 29),
(625, 'Botoc Occidental', 'Loay', 29),
(626, 'Botoc Oriental', 'Loay', 29),
(627, 'Calvario', 'Loay', 29),
(628, 'Concepcion', 'Loay', 29),
(629, 'Hinawanan', 'Loay', 29),
(630, 'Las Salinas Norte', 'Loay', 29),
(631, 'Las Salinas Sur', 'Loay', 29),
(632, 'Palo', 'Loay', 29),
(633, 'Poblacion Ibabao', 'Loay', 29),
(634, 'Poblacion Ubos', 'Loay', 29),
(635, 'Sagnap', 'Loay', 29),
(636, 'Tambangan', 'Loay', 29),
(637, 'Tangcasan Norte', 'Loay', 29),
(638, 'Tangcasan Sur', 'Loay', 29),
(639, 'Tayong Occidental', 'Loay', 29),
(640, 'Tayong Oriental', 'Loay', 29),
(641, 'Tocdog Dacu', 'Loay', 29),
(642, 'Tocdog Ilaya', 'Loay', 29),
(643, 'Villalimpia', 'Loay', 29),
(644, 'Yanangan', 'Loay', 29),
(645, 'Agape', 'Loboc', 30),
(646, 'Alegria', 'Loboc', 30),
(647, 'Bagumbayan', 'Loboc', 30),
(648, 'Bahian', 'Loboc', 30),
(649, 'Bonbon Lower', 'Loboc', 30),
(650, 'Bonbon Upper', 'Loboc', 30),
(651, 'Buenavista', 'Loboc', 30),
(652, 'Bugho', 'Loboc', 30),
(653, 'Cabadiangan', 'Loboc', 30),
(654, 'Calunasan Norte', 'Loboc', 30),
(655, 'Calunasan Sur', 'Loboc', 30),
(656, 'Camayaan', 'Loboc', 30),
(657, 'Cambance', 'Loboc', 30),
(658, 'Candabong', 'Loboc', 30),
(659, 'Candasag', 'Loboc', 30),
(660, 'Canlasid', 'Loboc', 30),
(661, 'Gon-ob', 'Loboc', 30),
(662, 'Gotozon', 'Loboc', 30),
(663, 'Jimilian', 'Loboc', 30),
(664, 'Oy', 'Loboc', 30),
(665, 'Poblacion Ondol', 'Loboc', 30),
(666, 'Poblang Sawang', 'Loboc', 30),
(667, 'Quinoguitan', 'Loboc', 30),
(668, 'Taytay', 'Loboc', 30),
(669, 'Tigbao', 'Loboc', 30),
(670, 'Ugbong', 'Loboc', 30),
(671, 'Valladolid', 'Loboc', 30),
(672, 'Villaflor', 'Loboc', 30),
(673, 'Agsoso', 'Loon', 31),
(674, 'Badbad Occidental', 'Loon', 31),
(675, 'Badbad Oriental', 'Loon', 31),
(676, 'Bagacay Katipunan', 'Loon', 31),
(677, 'Bagacay Kawayan', 'Loon', 31),
(678, 'Bagacay Saong', 'Loon', 31),
(679, 'Bahi', 'Loon', 31),
(680, 'Basac', 'Loon', 31),
(681, 'Basdacu', 'Loon', 31),
(682, 'Basdio', 'Loon', 31),
(683, 'Biasong', 'Loon', 31),
(684, 'Bongco', 'Loon', 31),
(685, 'Bugho', 'Loon', 31),
(686, 'Cabacongan', 'Loon', 31),
(687, 'Cabadug', 'Loon', 31),
(688, 'Cabug', 'Loon', 31),
(689, 'Calayugan Norte', 'Loon', 31),
(690, 'Calayugan Sur', 'Loon', 31),
(691, 'Cambaquiz', 'Loon', 31),
(692, 'Campatud', 'Loon', 31),
(693, 'Candaigan', 'Loon', 31),
(694, 'Canhangdon Occidental', 'Loon', 31),
(695, 'Canhangdon Oriental', 'Loon', 31),
(696, 'Canigaan', 'Loon', 31),
(697, 'Canmaag', 'Loon', 31),
(698, 'Canmanoc', 'Loon', 31),
(699, 'Cansuagwit', 'Loon', 31),
(700, 'Cansubayon', 'Loon', 31),
(701, 'Cantam-is Bago', 'Loon', 31),
(702, 'Cantam-is Baslay', 'Loon', 31),
(703, 'Cantaongon', 'Loon', 31),
(704, 'Cantumocad', 'Loon', 31),
(705, 'Catagbacan Handig', 'Loon', 31),
(706, 'Catagbacan Norte', 'Loon', 31),
(707, 'Catagbacan Sur', 'Loon', 31),
(708, 'Cogon Norte (Poblacion)', 'Loon', 31),
(709, 'Cogon Sur', 'Loon', 31),
(710, 'Cuasi', 'Loon', 31),
(711, 'Genomoan', 'Loon', 31),
(712, 'Lintuan', 'Loon', 31),
(713, 'Looc', 'Loon', 31),
(714, 'Mocpoc Norte', 'Loon', 31),
(715, 'Mocpoc Sur', 'Loon', 31),
(716, 'Moto Norte (Poblacion)', 'Loon', 31),
(717, 'Moto Sur (Poblacion)', 'Loon', 31),
(718, 'Nagtuang', 'Loon', 31),
(719, 'Napo (Poblacion)', 'Loon', 31),
(720, 'Nueva Vida', 'Loon', 31),
(721, 'Panangquilon', 'Loon', 31),
(722, 'Pantudlan', 'Loon', 31),
(723, 'Pig-ot', 'Loon', 31),
(724, 'Pondol', 'Loon', 31),
(725, 'Quinobcoban', 'Loon', 31),
(726, 'Sondol', 'Loon', 31),
(727, 'Song-on', 'Loon', 31),
(728, 'Talisay', 'Loon', 31),
(729, 'Tan-awan', 'Loon', 31),
(730, 'Tangnan', 'Loon', 31),
(731, 'Taytay', 'Loon', 31),
(732, 'Ticugan', 'Loon', 31),
(733, 'Tiwi', 'Loon', 31),
(734, 'Tontonan', 'Loon', 31),
(735, 'Tubodacu', 'Loon', 31),
(736, 'Tubodio', 'Loon', 31),
(737, 'Tubuan', 'Loon', 31),
(738, 'Ubayon', 'Loon', 31),
(739, 'Ubojan', 'Loon', 31),
(740, 'Abaca', 'Mabini', 32),
(741, 'Abad Santos', 'Mabini', 32),
(742, 'Aguipo', 'Mabini', 32),
(743, 'Baybayon', 'Mabini', 32),
(744, 'Bulawan', 'Mabini', 32),
(745, 'Cabidian', 'Mabini', 32),
(746, 'Cawayanan', 'Mabini', 32),
(747, 'Concepcion (Banlas)', 'Mabini', 32),
(748, 'Del Mar', 'Mabini', 32),
(749, 'Lungsoda-an', 'Mabini', 32),
(750, 'Marcelo', 'Mabini', 32),
(751, 'Minol', 'Mabini', 32),
(752, 'Paraiso', 'Mabini', 32),
(753, 'Poblacion I', 'Mabini', 32),
(754, 'Poblacion II', 'Mabini', 32),
(755, 'San Isidro', 'Mabini', 32),
(756, 'San Jose', 'Mabini', 32),
(757, 'San Rafael', 'Mabini', 32),
(758, 'San Roque (Cabulao)', 'Mabini', 32),
(759, 'Tambo', 'Mabini', 32),
(760, 'Tangkigan', 'Mabini', 32),
(761, 'Valaga', 'Mabini', 32),
(762, 'Agahay', 'Maribojoc', 33),
(763, 'Aliguay', 'Maribojoc', 33),
(764, 'Anislag', 'Maribojoc', 33),
(765, 'Bayacabac', 'Maribojoc', 33),
(766, 'Bood', 'Maribojoc', 33),
(767, 'Busao', 'Maribojoc', 33),
(768, 'Cabawan', 'Maribojoc', 33),
(769, 'Candavid', 'Maribojoc', 33),
(770, 'Dipatlong', 'Maribojoc', 33),
(771, 'Guiwanon', 'Maribojoc', 33),
(772, 'Jandig', 'Maribojoc', 33),
(773, 'Lagtangon', 'Maribojoc', 33),
(774, 'Lincod', 'Maribojoc', 33),
(775, 'Pagnitoan', 'Maribojoc', 33),
(776, 'Poblacion', 'Maribojoc', 33),
(777, 'Punsod', 'Maribojoc', 33),
(778, 'Punta Cruz', 'Maribojoc', 33),
(779, 'San Isidro', 'Maribojoc', 33),
(780, 'San Roque (Aghao)', 'Maribojoc', 33),
(781, 'San Vicente', 'Maribojoc', 33),
(782, 'Tinibgan', 'Maribojoc', 33),
(783, 'Toril', 'Maribojoc', 33),
(784, 'Bil-isan', 'Panglao', 34),
(785, 'Bolod', 'Panglao', 34),
(786, 'Danao', 'Panglao', 34),
(787, 'Doljo', 'Panglao', 34),
(788, 'Libaong', 'Panglao', 34),
(789, 'Looc', 'Panglao', 34),
(790, 'Lourdes', 'Panglao', 34),
(791, 'Poblacion', 'Panglao', 34),
(792, 'Tangnan', 'Panglao', 34),
(793, 'Tawala', 'Panglao', 34),
(794, 'Aurora', 'Pilar', 35),
(795, 'Bagacay', 'Pilar', 35),
(796, 'Bagumbayan', 'Pilar', 35),
(797, 'Bayong', 'Pilar', 35),
(798, 'Buenasuerte', 'Pilar', 35),
(799, 'Cagawasan', 'Pilar', 35),
(800, 'Cansungay', 'Pilar', 35),
(801, 'Catagda-an', 'Pilar', 35),
(802, 'Del Pilar', 'Pilar', 35),
(803, 'Estaca', 'Pilar', 35),
(804, 'Ilaud', 'Pilar', 35),
(805, 'Inanghuban', 'Pilar', 35),
(806, 'La Suerte', 'Pilar', 35),
(807, 'Lumbay', 'Pilar', 35),
(808, 'Lundag', 'Pilar', 35),
(809, 'Pamacsalan', 'Pilar', 35),
(810, 'Poblacion', 'Pilar', 35),
(811, 'Rizal', 'Pilar', 35),
(812, 'San Carlos', 'Pilar', 35),
(813, 'San Isidro', 'Pilar', 35),
(814, 'San Vicente', 'Pilar', 35),
(815, 'Aguining', 'President Carlos P. Garcia', 36),
(816, 'Basiao', 'President Carlos P. Garcia', 36),
(817, 'Baud', 'President Carlos P. Garcia', 36),
(818, 'Bayog', 'President Carlos P. Garcia', 36),
(819, 'Bogo', 'President Carlos P. Garcia', 36),
(820, 'Bonbonon', 'President Carlos P. Garcia', 36),
(821, 'Butan', 'President Carlos P. Garcia', 36),
(822, 'Campamanog', 'President Carlos P. Garcia', 36),
(823, 'Canmangao', 'President Carlos P. Garcia', 36),
(824, 'Gaus', 'President Carlos P. Garcia', 36),
(825, 'Kabangkalan', 'President Carlos P. Garcia', 36),
(826, 'Lapinig', 'President Carlos P. Garcia', 36),
(827, 'Lipata', 'President Carlos P. Garcia', 36),
(828, 'Poblacion', 'President Carlos P. Garcia', 36),
(829, 'Popoo', 'President Carlos P. Garcia', 36),
(830, 'Saguise', 'President Carlos P. Garcia', 36),
(831, 'San Jose (Tawid)', 'President Carlos P. Garcia', 36),
(832, 'San Vicente', 'President Carlos P. Garcia', 36),
(833, 'Santo Rosario', 'President Carlos P. Garcia', 36),
(834, 'Tilmobo', 'President Carlos P. Garcia', 36),
(835, 'Tugas', 'President Carlos P. Garcia', 36),
(836, 'Tugnao', 'President Carlos P. Garcia', 36),
(837, 'Villa Milagrosa', 'President Carlos P. Garcia', 36),
(838, 'Calangahan', 'Sagbayan', 37),
(839, 'Canmano', 'Sagbayan', 37),
(840, 'Canmaya Centro', 'Sagbayan', 37),
(841, 'Canmaya Diot', 'Sagbayan', 37),
(842, 'Dagnawan', 'Sagbayan', 37),
(843, 'Kabasacan', 'Sagbayan', 37),
(844, 'Kagawasan', 'Sagbayan', 37),
(845, 'Katipunan', 'Sagbayan', 37),
(846, 'Langtad', 'Sagbayan', 37),
(847, 'Libertad Norte', 'Sagbayan', 37),
(848, 'Libertad Sur', 'Sagbayan', 37),
(849, 'Mantalongon', 'Sagbayan', 37),
(850, 'Poblacion', 'Sagbayan', 37),
(851, 'Sagbayan Sur', 'Sagbayan', 37),
(852, 'San Agustin', 'Sagbayan', 37),
(853, 'San Antonio', 'Sagbayan', 37),
(854, 'San Isidro', 'Sagbayan', 37),
(855, 'San Ramon', 'Sagbayan', 37),
(856, 'San Roque', 'Sagbayan', 37),
(857, 'San Vicente Norte', 'Sagbayan', 37),
(858, 'San Vicente Sur', 'Sagbayan', 37),
(859, 'Santa Catalina', 'Sagbayan', 37),
(860, 'Santa Cruz', 'Sagbayan', 37),
(861, 'Ubojan', 'Sagbayan', 37),
(862, 'Abehilan', 'San Isidro', 38),
(863, 'Baryong Daan', 'San Isidro', 38),
(864, 'Baunos', 'San Isidro', 38),
(865, 'Cabanugan', 'San Isidro', 38),
(866, 'Caimbang', 'San Isidro', 38),
(867, 'Cambansag', 'San Isidro', 38),
(868, 'Candungao', 'San Isidro', 38),
(869, 'Cansague Norte', 'San Isidro', 38),
(870, 'Cansague Sur', 'San Isidro', 38),
(871, 'Causwagan Sur', 'San Isidro', 38),
(872, 'Masonoy', 'San Isidro', 38),
(873, 'Poblacion', 'San Isidro', 38),
(874, 'Bayongan', 'San Miguel', 39),
(875, 'Bugang', 'San Miguel', 39),
(876, 'Cabangahan', 'San Miguel', 39),
(877, 'Caluasan', 'San Miguel', 39),
(878, 'Camanaga', 'San Miguel', 39),
(879, 'Cambangay Norte', 'San Miguel', 39),
(880, 'Capayas', 'San Miguel', 39),
(881, 'Corazon', 'San Miguel', 39),
(882, 'Garcia', 'San Miguel', 39),
(883, 'Hagbuyo', 'San Miguel', 39),
(884, 'Kagawasan', 'San Miguel', 39),
(885, 'Mahayag', 'San Miguel', 39),
(886, 'Poblacion', 'San Miguel', 39),
(887, 'San Isidro', 'San Miguel', 39),
(888, 'San Jose', 'San Miguel', 39),
(889, 'San Vicente', 'San Miguel', 39),
(890, 'Santo Niño', 'San Miguel', 39),
(891, 'Tomoc', 'San Miguel', 39),
(892, 'Bayawahan', 'Sevilla', 40),
(893, 'Cabancalan', 'Sevilla', 40),
(894, 'Calinga-an', 'Sevilla', 40),
(895, 'Calinginan Norte', 'Sevilla', 40),
(896, 'Calinginan Sur', 'Sevilla', 40),
(897, 'Cambagui', 'Sevilla', 40),
(898, 'Ewon', 'Sevilla', 40),
(899, 'Guinob-an', 'Sevilla', 40),
(900, 'Lagtangan', 'Sevilla', 40),
(901, 'Licolico', 'Sevilla', 40),
(902, 'Lobgob', 'Sevilla', 40),
(903, 'Magsaysay', 'Sevilla', 40),
(904, 'Poblacion', 'Sevilla', 40),
(905, 'Abucay Norte', 'Sikatuna', 42),
(906, 'Abucay Sur', 'Sikatuna', 42),
(907, 'Badiang', 'Sikatuna', 42),
(908, 'Bahaybahay', 'Sikatuna', 42),
(909, 'Cambuac Norte', 'Sikatuna', 42),
(910, 'Cambuac Sur', 'Sikatuna', 42),
(911, 'Canagong', 'Sikatuna', 42),
(912, 'Libjo', 'Sikatuna', 42),
(913, 'Poblacion I', 'Sikatuna', 42),
(914, 'Poblacion II', 'Sikatuna', 42),
(915, 'Abachanan', 'Sierra Bullones', 41),
(916, 'Anibongan', 'Sierra Bullones', 41),
(917, 'Bugsoc', 'Sierra Bullones', 41),
(918, 'Cahayag', 'Sierra Bullones', 41),
(919, 'Canlangit', 'Sierra Bullones', 41),
(920, 'Canta-ub', 'Sierra Bullones', 41),
(921, 'Casilay', 'Sierra Bullones', 41),
(922, 'Danicop', 'Sierra Bullones', 41),
(923, 'Dusita', 'Sierra Bullones', 41),
(924, 'La Union', 'Sierra Bullones', 41),
(925, 'Lataban', 'Sierra Bullones', 41),
(926, 'Magsaysay', 'Sierra Bullones', 41),
(927, 'Man-od', 'Sierra Bullones', 41),
(928, 'Matin-ao', 'Sierra Bullones', 41),
(929, 'Poblacion', 'Sierra Bullones', 41),
(930, 'Salvador', 'Sierra Bullones', 41),
(931, 'San Agustin', 'Sierra Bullones', 41),
(932, 'San Isidro', 'Sierra Bullones', 41),
(933, 'San Jose', 'Sierra Bullones', 41),
(934, 'San Juan', 'Sierra Bullones', 41),
(935, 'Santa Cruz', 'Sierra Bullones', 41),
(936, 'Villa Garcia', 'Sierra Bullones', 41),
(937, 'Bool', 'Tagbilaran City', 43),
(938, 'Booy', 'Tagbilaran City', 43),
(939, 'Cabawan', 'Tagbilaran City', 43),
(940, 'Cogon', 'Tagbilaran City', 43),
(941, 'Dampas', 'Tagbilaran City', 43),
(942, 'Dao', 'Tagbilaran City', 43),
(943, 'Manga', 'Tagbilaran City', 43),
(944, 'Mansasa', 'Tagbilaran City', 43),
(945, 'Poblacion I', 'Tagbilaran City', 43),
(946, 'Poblacion II', 'Tagbilaran City', 43),
(947, 'Poblacion III', 'Tagbilaran City', 43),
(948, 'San Isidro', 'Tagbilaran City', 43),
(949, 'Taloto', 'Tagbilaran City', 43),
(950, 'Tiptip', 'Tagbilaran City', 43),
(951, 'Ubujan', 'Tagbilaran City', 43),
(952, 'Bagacay', 'Talibon', 44),
(953, 'Balintawak', 'Talibon', 44),
(954, 'Burgos', 'Talibon', 44),
(955, 'Busalian', 'Talibon', 44),
(956, 'Calituban', 'Talibon', 44),
(957, 'Cataban', 'Talibon', 44),
(958, 'Guindacpan', 'Talibon', 44),
(959, 'Magsaysay', 'Talibon', 44),
(960, 'Mahanay', 'Talibon', 44),
(961, 'Nocnocan', 'Talibon', 44),
(962, 'Poblacion', 'Talibon', 44),
(963, 'Rizal', 'Talibon', 44),
(964, 'Sag', 'Talibon', 44),
(965, 'San Agustin', 'Talibon', 44),
(966, 'San Carlos', 'Talibon', 44),
(967, 'San Francisco', 'Talibon', 44),
(968, 'San Isidro', 'Talibon', 44),
(969, 'San Jose', 'Talibon', 44),
(970, 'San Pedro', 'Talibon', 44),
(971, 'San Roque', 'Talibon', 44),
(972, 'Santo Niño', 'Talibon', 44),
(973, 'Sikatuna', 'Talibon', 44),
(974, 'Suba', 'Talibon', 44),
(975, 'Tanghaligue', 'Talibon', 44),
(976, 'Zamora', 'Talibon', 44),
(977, 'Banlasan', 'Trinidad', 45),
(978, 'Bongbong', 'Trinidad', 45),
(979, 'Catoogan', 'Trinidad', 45),
(980, 'Guinobatan', 'Trinidad', 45),
(981, 'Hinlayagan Ilaud', 'Trinidad', 45),
(982, 'Hinlayagan Ilaya', 'Trinidad', 45),
(983, 'Kauswagan', 'Trinidad', 45),
(984, 'Kinan-oan', 'Trinidad', 45),
(985, 'La Union', 'Trinidad', 45),
(986, 'La Victoria', 'Trinidad', 45),
(987, 'Mabuhay Cabigohan', 'Trinidad', 45),
(988, 'Mahagbu', 'Trinidad', 45),
(989, 'Manuel M. Roxas', 'Trinidad', 45),
(990, 'Poblacion', 'Trinidad', 45),
(991, 'San Isidro', 'Trinidad', 45),
(992, 'San Vicente', 'Trinidad', 45),
(993, 'Santo Tomas', 'Trinidad', 45),
(994, 'Soom', 'Trinidad', 45),
(995, 'Tagum Norte', 'Trinidad', 45),
(996, 'Tagum Sur', 'Trinidad', 45),
(997, 'Bagongbanwa', 'Tubigon', 46),
(998, 'Banlasan', 'Tubigon', 46),
(999, 'Batasan (Batasan Island)', 'Tubigon', 46),
(1000, 'Bilangbilangan (Bilangbilangan Island)', 'Tubigon', 46),
(1001, 'Bosongon', 'Tubigon', 46),
(1002, 'Buenos Aires', 'Tubigon', 46),
(1003, 'Bunacan', 'Tubigon', 46),
(1004, 'Cabulijan', 'Tubigon', 46),
(1005, 'Cahayag', 'Tubigon', 46),
(1006, 'Cawayanan', 'Tubigon', 46),
(1007, 'Centro (Pob.)', 'Tubigon', 46),
(1008, 'Genonocan', 'Tubigon', 46),
(1009, 'Guiwanon', 'Tubigon', 46),
(1010, 'Ilihan Norte', 'Tubigon', 46),
(1011, 'Ilihan Sur', 'Tubigon', 46),
(1012, 'Libertad', 'Tubigon', 46),
(1013, 'Macaas', 'Tubigon', 46),
(1014, 'Matabao', 'Tubigon', 46),
(1015, 'Mocaboc Island', 'Tubigon', 46),
(1016, 'Panadtaran', 'Tubigon', 46),
(1017, 'Panaytayon', 'Tubigon', 46),
(1018, 'Pandan', 'Tubigon', 46),
(1019, 'Pangapasan (Pangapasan Island)', 'Tubigon', 46),
(1020, 'Pinayagan Norte', 'Tubigon', 46),
(1021, 'Pinayagan Sur', 'Tubigon', 46),
(1022, 'Pooc Occidental (Pob.)', 'Tubigon', 46),
(1023, 'Pooc Oriental (Pob.)', 'Tubigon', 46),
(1024, 'Potohan', 'Tubigon', 46),
(1025, 'Talenceras', 'Tubigon', 46),
(1026, 'Tan-awan', 'Tubigon', 46),
(1027, 'Tinangnan', 'Tubigon', 46),
(1028, 'Ubay Island', 'Tubigon', 46),
(1029, 'Ubojan', 'Tubigon', 46),
(1030, 'Villanueva', 'Tubigon', 46),
(1031, 'Achila', 'Ubay', 47),
(1032, 'Bay-ang', 'Ubay', 47),
(1033, 'Benliw', 'Ubay', 47),
(1034, 'Biabas', 'Ubay', 47),
(1035, 'Bongbong', 'Ubay', 47),
(1036, 'Bood', 'Ubay', 47),
(1037, 'Buenavista', 'Ubay', 47),
(1038, 'Bulilis', 'Ubay', 47),
(1039, 'Cagting', 'Ubay', 47),
(1040, 'Calanggaman', 'Ubay', 47),
(1041, 'California', 'Ubay', 47),
(1042, 'Camali-an', 'Ubay', 47),
(1043, 'Camambugan', 'Ubay', 47),
(1044, 'Casate', 'Ubay', 47),
(1045, 'Cuya', 'Ubay', 47),
(1046, 'Fatima', 'Ubay', 47),
(1047, 'Gabi', 'Ubay', 47),
(1048, 'Governor Boyles', 'Ubay', 47),
(1049, 'Guintabo-an', 'Ubay', 47),
(1050, 'Hambabauran', 'Ubay', 47),
(1051, 'Humayhumay', 'Ubay', 47),
(1052, 'Ilihan', 'Ubay', 47),
(1053, 'Imelda', 'Ubay', 47),
(1054, 'Juagdan', 'Ubay', 47),
(1055, 'Katarungan', 'Ubay', 47),
(1056, 'Lomangog', 'Ubay', 47),
(1057, 'Los Angeles', 'Ubay', 47),
(1058, 'Pag-asa', 'Ubay', 47),
(1059, 'Pangpang', 'Ubay', 47),
(1060, 'Poblacion', 'Ubay', 47),
(1061, 'San Francisco', 'Ubay', 47),
(1062, 'San Isidro', 'Ubay', 47),
(1063, 'San Pascual', 'Ubay', 47),
(1064, 'San Vicente', 'Ubay', 47),
(1065, 'Sentinila', 'Ubay', 47),
(1066, 'Sinandigan', 'Ubay', 47),
(1067, 'Tapal', 'Ubay', 47),
(1068, 'Tapon', 'Ubay', 47),
(1069, 'Tintinan', 'Ubay', 47),
(1070, 'Tipolo', 'Ubay', 47),
(1071, 'Tubog', 'Ubay', 47),
(1072, 'Tuboran', 'Ubay', 47),
(1073, 'Union', 'Ubay', 47),
(1074, 'Villa Teresita', 'Ubay', 47),
(1075, 'Adlawan', 'Valencia', 48),
(1076, 'Anas', 'Valencia', 48),
(1077, 'Anonang', 'Valencia', 48),
(1078, 'Anoyon', 'Valencia', 48),
(1079, 'Balingasao', 'Valencia', 48),
(1080, 'Banderahan (Upper Ginopolan)', 'Valencia', 48),
(1081, 'Botong', 'Valencia', 48),
(1082, 'Buyog', 'Valencia', 48),
(1083, 'Canduao Occidental', 'Valencia', 48),
(1084, 'Canduao Oriental', 'Valencia', 48),
(1085, 'Canlusong', 'Valencia', 48),
(1086, 'Canmanico', 'Valencia', 48),
(1087, 'Cansibao', 'Valencia', 48),
(1088, 'Catug-a', 'Valencia', 48),
(1089, 'Cutcutan', 'Valencia', 48),
(1090, 'Danao', 'Valencia', 48),
(1091, 'Genoveva', 'Valencia', 48),
(1092, 'Ginopolan(Ginopolan Proper)', 'Valencia', 48),
(1093, 'La Victoria', 'Valencia', 48),
(1094, 'Lantang', 'Valencia', 48),
(1095, 'Limocon', 'Valencia', 48),
(1096, 'Loctob', 'Valencia', 48),
(1097, 'Magsaysay', 'Valencia', 48),
(1098, 'Marawis', 'Valencia', 48),
(1099, 'Maubo', 'Valencia', 48),
(1100, 'Nailo', 'Valencia', 48),
(1101, 'Omjon', 'Valencia', 48),
(1102, 'Pangi-an', 'Valencia', 48),
(1103, 'Poblacion Occidental', 'Valencia', 48),
(1104, 'Poblacion Oriental', 'Valencia', 48),
(1105, 'Simang', 'Valencia', 48),
(1106, 'Taug', 'Valencia', 48),
(1107, 'Tausion', 'Valencia', 48),
(1108, 'Taytay', 'Valencia', 48),
(1109, 'Ticum', 'Valencia', 48);

-- --------------------------------------------------------

--
-- Table structure for table `tbldistrict`
--

CREATE TABLE `tbldistrict` (
  `dist_id` int(11) NOT NULL,
  `district` varchar(50) NOT NULL
) ENGINE=InnoDB DEFAULT CHARSET=utf8mb4 COLLATE=utf8mb4_general_ci;

--
-- Dumping data for table `tbldistrict`
--

INSERT INTO `tbldistrict` (`dist_id`, `district`) VALUES
(1, '1st District'),
(2, '2nd District'),
(3, '3rd District');

-- --------------------------------------------------------

--
-- Table structure for table `tblmunicipality`
--

CREATE TABLE `tblmunicipality` (
  `mun_id` int(10) NOT NULL,
  `municipality` varchar(50) NOT NULL,
  `zipcode` int(5) NOT NULL
) ENGINE=InnoDB DEFAULT CHARSET=utf8mb4 COLLATE=utf8mb4_general_ci;

--
-- Dumping data for table `tblmunicipality`
--

INSERT INTO `tblmunicipality` (`mun_id`, `municipality`, `zipcode`) VALUES
(1, 'Alburquerque', 6302),
(2, 'Alicia', 6314),
(3, 'Anda', 6311),
(4, 'Antequera', 6335),
(5, 'Baclayon', 6301),
(6, 'Balilihan', 6342),
(7, 'Batuan', 6318),
(8, 'Bien Unido', 6326),
(9, 'Bilar', 6317),
(10, 'Buenavista', 6333),
(11, 'Calape', 6328),
(12, 'Candijay', 6312),
(13, 'Carmen', 6319),
(14, 'Catigbian', 6343),
(15, 'Clarin', 6330),
(16, 'Corella', 6337),
(17, 'Cortes', 6341),
(18, 'Dagohoy', 6322),
(19, 'Danao', 6344),
(20, 'Dauis', 6339),
(21, 'Dimiao', 6305),
(22, 'Duero', 6309),
(23, 'Garcia Hernandez', 6307),
(24, 'Guindulman', 6310),
(25, 'Inabanga', 6332),
(26, 'Jagna', 6308),
(27, 'Jetafe', 6334),
(28, 'Lila', 6304),
(29, 'Loay', 6303),
(30, 'Loboc', 6316),
(31, 'Loon', 6327),
(32, 'Mabini', 6313),
(33, 'Maribojoc', 6336),
(34, 'Panglao', 6340),
(35, 'Pilar', 6321),
(36, 'President Carlos P. Garcia (Pitogo)', 6346),
(37, 'Sagbayan', 6331),
(38, 'San Isidro', 6345),
(39, 'San Miguel', 6323),
(40, 'Sevilla', 6347),
(41, 'Sierra Bullones', 6320),
(42, 'Sikatuna', 6338),
(43, 'Tagbilaran City', 6300),
(44, 'Talibon', 6325),
(45, 'Trinidad', 6324),
(46, 'Tubigon', 6329),
(47, 'Ubay', 6315),
(48, 'Valencia', 6306);

-- --------------------------------------------------------

--
-- Table structure for table `tblresearchpapers`
--

CREATE TABLE `tblresearchpapers` (
  `rpaper_id` int(10) NOT NULL,
  `date_uploaded` date NOT NULL DEFAULT current_timestamp(),
  `title` varchar(255) NOT NULL,
  `year` year(4) NOT NULL,
  `author` varchar(255) NOT NULL,
  `keywords` longtext NOT NULL,
  `abstract_name` varchar(255) NOT NULL,
  `abstract_path` varchar(255) NOT NULL,
  `status` enum('Pending','Approved','Rejected','Completed') NOT NULL,
  `full_document_name` varchar(255) DEFAULT NULL,
  `full_document_path` varchar(255) DEFAULT NULL,
  `user_id` int(10) NOT NULL,
  `user_username` varchar(30) NOT NULL
) ENGINE=InnoDB DEFAULT CHARSET=utf8mb4 COLLATE=utf8mb4_general_ci;

--
-- Dumping data for table `tblresearchpapers`
--

INSERT INTO `tblresearchpapers` (`rpaper_id`, `date_uploaded`, `title`, `year`, `author`, `keywords`, `abstract_name`, `abstract_path`, `status`, `full_document_name`, `full_document_path`, `user_id`, `user_username`) VALUES
(2, '2023-08-03', 'EEG signals classification using the K-means clustering and a multilayer perceptron neural network model', 2011, 'Umut Orhan, Mahmut Hekim, Mahmut Ozer', 'Epilepsy, K-means clustering, Discrete wavelet transform (DWT), Multilayer perceptron neural network (MLPNN), EEG signals, Classification', 'EEG_signals_classification.pdf', './abstract_folder/EEG_signals_classification.pdf', 'Completed', 'Chapter_16_MICROPROGRAMMED_CONTROL.pdf', './fulldocument_folder/Chapter_16_MICROPROGRAMMED_CONTROL.pdf', 1, 'Catriona Elisa'),
(3, '2023-08-03', 'MobileNets: Efficient Convolutional Neural Networks for Mobile Vision Applications', 2017, 'Andrew G. Howard, Menglong Zhu, Bo Chen, Dmitry Kalenichenko, Weijun Wang, Tobias Weyand, Marco Andreetto, Hartwig Adam', 'mobilenets, CNN', 'MobileNets.pdf', './abstract_folder/MobileNets.pdf', 'Pending', NULL, NULL, 2, 'beagomez'),
(4, '2023-08-03', 'Determining input features', 1993, 'Lisa M. Belue', 'Multilayer perceptron', 'Determining_input_features_for_MLP4.pdf', './abstract_folder/Determining_input_features_for_MLP4.pdf', 'Pending', NULL, NULL, 2, 'beagomez'),
(5, '2023-08-03', 'Cardiac Arrhythmia Classification by Multi-Layer Perceptron and Convolution Neural Networks', 2018, 'Shalin Savalia , Vahid Emamian ', 'electrocardiogram(ECG); arrhythmia; deep neural network;machine learning; deep learning; PhysioBank; kaggle; python; TensorFlow', 'Cardiac_Arrhythmia_Classification_by_MLP_and_CNN.pdf', './abstract_folder/Cardiac_Arrhythmia_Classification_by_MLP_and_CNN.pdf', 'Pending', NULL, NULL, 3, 'piawurtzbach'),
(7, '2023-08-09', 'A Mathematical Theory of Deep Convolutional Neural Networks for Feature Extraction', 2017, 'Thomas Wiatowski and Helmut B¨olcskei', 'Machine learning, deep convolutional neural networks, scattering networks, feature extraction, frame theory', 'A_mathematical_theory_of_deep_CNN_for_feature_extraction.pdf', './abstract_folder/A_mathematical_theory_of_deep_CNN_for_feature_extraction.pdf', 'Pending', NULL, NULL, 5, 'Nikki De Moura'),
(8, '2023-08-14', 'fffgl,smv', 2013, 'Ding-Xuan Zhou', 'mobilenets, CNN', 'print.pdf', './abstract_folder/print.pdf', 'Completed', 'Chapter_1_-_Introduction.pdf', './fulldocument_folder/Chapter_1_-_Introduction.pdf', 1, 'catrionagray'),
(11, '2023-08-18', 'gvjlkn;k', 2008, 'kjgklk', 'jkmfamf', 'CS_316_Course_Orientation_Handout.pdf', './abstract_folder/CS_316_Course_Orientation_Handout.pdf', 'Completed', '005_Mesa.pdf', './fulldocument_folder/005_Mesa.pdf', 1, 'Catriona Elisa'),
(12, '2023-08-22', 'dpqorrjrqn', 2009, 'dkflak', 'jxacjad', 'V3I2-1214.pdf', './abstract_folder/V3I2-1214.pdf', 'Pending', NULL, NULL, 1, 'Catriona Gray'),
(13, '2023-08-31', 'Sample', 2001, 'fhdsafsg', 'math, science, history', 'Chapter_11_INSTRUCTION_SETS_ADDRESSING_MODES_AND_FORMATS1.pdf', './abstract_folder/Chapter_11_INSTRUCTION_SETS_ADDRESSING_MODES_AND_FORMATS1.pdf', 'Completed', 'Chapter_9_COMPUTER_ARITHMETIC.pdf', './fulldocument_folder/Chapter_9_COMPUTER_ARITHMETIC.pdf', 9, 'Julia Montes'),
(14, '2023-09-25', 'My Diet Cam', 2021, 'Lovi Poe', 'diet monitoring', 'sensors-23-04493.pdf', './abstract_folder/sensors-23-04493.pdf', 'Approved', NULL, NULL, 11, 'Lovi Poe'),
(15, '2023-09-28', 'jsdf;afj', 2021, 'kkkb', 'ljgklh', '3313831_3376238.pdf', './abstract_folder/3313831_3376238.pdf', 'Rejected', NULL, NULL, 1, 'Catriona Gray');

-- --------------------------------------------------------

--
-- Table structure for table `tblusers`
--

CREATE TABLE `tblusers` (
  `user_id` int(10) NOT NULL,
  `user_firstname` varchar(30) NOT NULL,
  `user_middlename` varchar(30) NOT NULL,
  `user_lastname` varchar(30) NOT NULL,
  `user_municipality` varchar(50) NOT NULL,
  `user_barangay` varchar(50) NOT NULL,
  `user_zipcode` int(5) NOT NULL,
  `user_birthday` date NOT NULL,
  `user_age` int(3) NOT NULL,
  `user_district` varchar(50) NOT NULL,
  `user_school` varchar(50) NOT NULL,
  `user_deped_email` varchar(30) NOT NULL,
  `user_username` varchar(30) NOT NULL,
  `user_password` varchar(30) NOT NULL,
  `user_status` enum('Pending','Approved','Denied') NOT NULL,
  `user_image_name` varchar(255) NOT NULL,
  `user_image_path` varchar(255) NOT NULL
) ENGINE=InnoDB DEFAULT CHARSET=utf8mb4 COLLATE=utf8mb4_general_ci;

--
-- Dumping data for table `tblusers`
--

INSERT INTO `tblusers` (`user_id`, `user_firstname`, `user_middlename`, `user_lastname`, `user_municipality`, `user_barangay`, `user_zipcode`, `user_birthday`, `user_age`, `user_district`, `user_school`, `user_deped_email`, `user_username`, `user_password`, `user_status`, `user_image_name`, `user_image_path`) VALUES
(1, 'Catriona Elisa', 'Magnayon', 'Gray', 'Tubigon', 'Pooc Oriental (Pob.)', 6329, '1994-01-06', 29, '1st District', 'Tubigon West Central High School', 'catriona@gmail.com', 'Catriona Gray', 'catrionagray', 'Approved', '266294203_478339036983255_3422537730065973681_n1.jpg', './userprofile_folder/266294203_478339036983255_3422537730065973681_n1.jpg'),
(2, 'Beatrice Luigi', 'Gallarde', 'Gomez', 'Tubigon', 'Pooc Oriental (Pob.)', 6329, '1995-02-23', 28, '1st District', 'Tubigon West Central High School', 'bea@gmail.com', 'beagomez', 'beagomez', 'Approved', '', ''),
(3, 'Pia', 'Alonzo', 'Wurtzbach-Jauncey', 'Valencia', 'Lantang', 6306, '1989-09-24', 33, '1st District', 'Tubigon West Central National High School', 'pia@gmail.com', 'piawurtzbach', 'piawurtzbach', 'Pending', '', ''),
(5, 'Nikki', 'Advincula', 'De Moura', 'Dagohoy', 'Santa Cruz', 6322, '2004-11-15', 20, '3rd District', 'Maribojoc High School', 'nikki@gmail.com', 'Nikki De Moura', 'nikkidemoura', 'Approved', '', ''),
(6, 'Shaira Lenn', 'Ozuna', 'Roberto', 'Tubigon', 'Centro (Pob.)', 6329, '2023-08-16', 24, '3rd District', 'Maribojoc High School', 'sanya@gmail.com', 'Sanya Lopez', 'sanyalopez', 'Pending', '', ''),
(8, 'Tamaryn', 'Culpo', 'Green', 'Cortes', 'San Roque', 6341, '2023-07-31', 18, '2nd District', 'Cortes High School', 'tamaryn@gmail.com', 'Tamaryn Green', 'tamaryn', 'Approved', '', ''),
(9, 'Julia', 'Soberano', 'Montes', 'Clarin', 'Buangan', 6330, '2023-08-17', 21, '1st District', 'Tubigon West Central High School', 'montes@gmail.com', 'Julia Montes', 'julia', 'Approved', '', ''),
(10, 'Mhen Hou', 'Salvatore', 'Lee', 'Loon', 'Cantumocad', 6327, '2023-09-20', 21, '1st District', 'Bohol Island State University', 'catriona@gmail.com', 'annacileigayt', 'cindy123', 'Denied', '', ''),
(11, 'Lovi', 'Moran', 'Poe', 'Tubigon', 'Pooc Oriental (Pob.)', 6329, '1989-02-11', 34, '1st District', 'Calape National High School', 'lovi@gmail.com', 'Lovi M. Poe', 'lovipoe', 'Approved', 'lovipoe1.jpg', './userprofile_folder/lovipoe1.jpg'),
(12, 'Jude', 'Lafuente', 'Monteros', 'Loon', 'Cabacongan', 6327, '2023-09-30', 23, '1st District', 'Calape National High School', 'jude@gmail.com', 'Jude Monteros', 'jude', 'Approved', '267299546_478339080316584_3376393696637771777_n.jpg', './userprofile_folder/267299546_478339080316584_3376393696637771777_n.jpg');

--
-- Indexes for dumped tables
--

--
-- Indexes for table `tbladmin`
--
ALTER TABLE `tbladmin`
  ADD PRIMARY KEY (`admin_id`);

--
-- Indexes for table `tblbarangay`
--
ALTER TABLE `tblbarangay`
  ADD PRIMARY KEY (`bar_id`);

--
-- Indexes for table `tbldistrict`
--
ALTER TABLE `tbldistrict`
  ADD PRIMARY KEY (`dist_id`);

--
-- Indexes for table `tblmunicipality`
--
ALTER TABLE `tblmunicipality`
  ADD PRIMARY KEY (`mun_id`);

--
-- Indexes for table `tblresearchpapers`
--
ALTER TABLE `tblresearchpapers`
  ADD PRIMARY KEY (`rpaper_id`);

--
-- Indexes for table `tblusers`
--
ALTER TABLE `tblusers`
  ADD PRIMARY KEY (`user_id`);

--
-- AUTO_INCREMENT for dumped tables
--

--
-- AUTO_INCREMENT for table `tbladmin`
--
ALTER TABLE `tbladmin`
  MODIFY `admin_id` int(10) NOT NULL AUTO_INCREMENT, AUTO_INCREMENT=4;

--
-- AUTO_INCREMENT for table `tblbarangay`
--
ALTER TABLE `tblbarangay`
  MODIFY `bar_id` int(10) NOT NULL AUTO_INCREMENT, AUTO_INCREMENT=1112;

--
-- AUTO_INCREMENT for table `tbldistrict`
--
ALTER TABLE `tbldistrict`
  MODIFY `dist_id` int(11) NOT NULL AUTO_INCREMENT, AUTO_INCREMENT=9;

--
-- AUTO_INCREMENT for table `tblmunicipality`
--
ALTER TABLE `tblmunicipality`
  MODIFY `mun_id` int(10) NOT NULL AUTO_INCREMENT, AUTO_INCREMENT=49;

--
-- AUTO_INCREMENT for table `tblresearchpapers`
--
ALTER TABLE `tblresearchpapers`
  MODIFY `rpaper_id` int(10) NOT NULL AUTO_INCREMENT, AUTO_INCREMENT=16;

--
-- AUTO_INCREMENT for table `tblusers`
--
ALTER TABLE `tblusers`
  MODIFY `user_id` int(10) NOT NULL AUTO_INCREMENT, AUTO_INCREMENT=13;
COMMIT;

/*!40101 SET CHARACTER_SET_CLIENT=@OLD_CHARACTER_SET_CLIENT */;
/*!40101 SET CHARACTER_SET_RESULTS=@OLD_CHARACTER_SET_RESULTS */;
/*!40101 SET COLLATION_CONNECTION=@OLD_COLLATION_CONNECTION */;
